"Comment","Designator","Footprint","LCSC Part #"
"100MHz 8 2V~6V 1 19ns@4.5V,50pF Serial-to-Serial or Parallel SOIC-16 Shift Registers RoHS","U1,U2","Package_SO:SOIC-16_3.9x9.9mm_P1.27mm","C5947"
"CAP CER 10uF 25V X5R 1206","C5,C9","Capacitor_SMD:C_1206_3216Metric","C9807"
"RES 100kΩ ±1% 62.5mW 0402","R1,R2","Resistor_SMD:R_0402_1005Metric","C25741"
"RES 200kΩ ±1% 62.5mW 0402","R3-R18","Resistor_SMD:R_0402_1005Metric","C25764"
"DIODE SCHOTTKY 40V SMB(DO-214AA)","D1","Diode_SMD:D_SMB","C32513"
"CAP CER 100nF 25V X7R 0402","C1-4,C7,C8","Capacitor_SMD:C_0402_1005Metric","C155422"
"560uF ±20% 35V Aluminum Electrolytic Capacitors 2000hrs@105℃","C6","Capacitor_SMD:C_Elec_10x10.2","C2163314"
"A3909GLNTR-T SSOP-10-150mil Full Half-Bridge (H Bridge) Drivers RoHS","IC1-IC4","KiCad:SOP100P600X175-10N","C2653462"
"CONN HEADER 4POS 2.54mm SINGLE ROW TH","J2","Connector_PinHeader_2.54mm:PinHeader_1x04_P2.54mm_Vertical","C2905435"
"CONN HEADER 8POS 2.54mm SINGLE ROW TH","J3","Connector_PinHeader_2.54mm:PinHeader_1x08_P2.54mm_Vertical","C2905487"
"CONN HEADER 16POS 2.54mm SINGLE ROW TH","J1","Connector_PinHeader_2.54mm:PinHeader_1x16_P2.54mm_Vertical","C7430372"
