﻿Designator,Footprint,Quantity,Value,LCSC Part #
"C1, C2, C3, C4, C7, C8",0402,6,100 nF,
"C5, C9",1206,2,10 uF,
C6,C_Elec_10x10.2,1,560 uF,
D1,D_SMB,1,D_Schottky_Small,
"IC1, IC2, IC3, IC4",SOP100P600X175-10N,4,A3909GLNTR-T,
J1,PinSocket_1x16_P2.54mm_Vertical,1,7 Seg Out,
J2,PinHeader_1x04_P2.54mm_Vertical,1,12v,
J3,PinHeader_1x08_P2.54mm_Vertical,1,Logic I/O,
"R1, R2",0402,2,100K,
"R10, R11, R12, R13, R14, R15, R16, R17, R18, R3, R4, R5, R6, R7, R8, R9",0402,16,200K,
"U1, U2",SOIC-16_3.9x9.9mm_P1.27mm,2,74HC595,
